{
  "main": {
    "id": "49e934fecffd802d",
    "type": "split",
    "children": [
      {
        "id": "3328f9a27244973e",
        "type": "tabs",
        "children": [
          {
            "id": "b4c6a4c9bf2af57f",
            "type": "leaf",
            "state": {
              "type": "image",
              "state": {
                "file": "----03. RESOURCES/assets/images/Pasted image 20230713023442.png"
              }
            }
          }
        ]
      }
    ],
    "direction": "vertical"
  },
  "left": {
    "id": "d21bcdeb172d4474",
    "type": "split",
    "children": [
      {
        "id": "045f97091fc202b3",
        "type": "tabs",
        "children": [
          {
            "id": "c265a7bdc67fc0c6",
            "type": "leaf",
            "state": {
              "type": "file-explorer",
              "state": {
                "sortOrder": "alphabetical"
              }
            }
          },
          {
            "id": "a3b7ee655e5acdca",
            "type": "leaf",
            "state": {
              "type": "search",
              "state": {
                "query": "",
                "matchingCase": false,
                "explainSearch": false,
                "collapseAll": false,
                "extraContext": false,
                "sortOrder": "alphabetical"
              }
            }
          },
          {
            "id": "5590e66964aec347",
            "type": "leaf",
            "state": {
              "type": "bookmarks",
              "state": {}
            }
          }
        ]
      }
    ],
    "direction": "horizontal",
    "width": 299.5
  },
  "right": {
    "id": "9bc445bb37c3d333",
    "type": "split",
    "children": [
      {
        "id": "45ac4947aa5a1084",
        "type": "tabs",
        "children": [
          {
            "id": "2e7c66e65035eec2",
            "type": "leaf",
            "state": {
              "type": "backlink",
              "state": {
                "file": "----03. RESOURCES/assets/images/Pasted image 20230713023442.png",
                "collapseAll": false,
                "extraContext": false,
                "sortOrder": "alphabetical",
                "showSearch": false,
                "searchQuery": "",
                "backlinkCollapsed": false,
                "unlinkedCollapsed": true
              }
            }
          },
          {
            "id": "9ededaa9b030c048",
            "type": "leaf",
            "state": {
              "type": "outgoing-link",
              "state": {
                "file": "----03. RESOURCES/assets/images/Pasted image 20230713023442.png",
                "linksCollapsed": false,
                "unlinkedCollapsed": true
              }
            }
          },
          {
            "id": "655429434ad1cf35",
            "type": "leaf",
            "state": {
              "type": "tag",
              "state": {
                "sortOrder": "frequency",
                "useHierarchy": true
              }
            }
          },
          {
            "id": "ae4abaf52062a11c",
            "type": "leaf",
            "state": {
              "type": "outline",
              "state": {
                "file": "----03. RESOURCES/assets/images/Pasted image 20230713023442.png"
              }
            }
          }
        ]
      }
    ],
    "direction": "horizontal",
    "width": 300,
    "collapsed": true
  },
  "left-ribbon": {
    "hiddenItems": {
      "switcher:Open quick switcher": false,
      "graph:Open graph view": false,
      "canvas:Create new canvas": false,
      "daily-notes:Open today's daily note": false,
      "templates:Insert template": false,
      "command-palette:Open command palette": false
    }
  },
  "active": "b4c6a4c9bf2af57f",
  "lastOpenFiles": [
    "Dash.md",
    "----04. ARCHIVES/Starting a fish tank.md",
    "----03. RESOURCES/assets/templates/dashboard/dropdowns.md",
    "----02. AREAS/WebDev/My Sites/Website setup check list.md",
    "----01. PROJECTS/Motorized Bicycle/test.md",
    "----01. PROJECTS/Motorized Bicycle/mods for your motorized bike engine.md",
    "obsidian/workspace.json",
    "obsidian/hotkeys.json",
    "obsidian/core-plugins-migration.json",
    "obsidian/core-plugins.json",
    "obsidian/community-plugins.json",
    "obsidian/appearance.json",
    "obsidian/app.json",
    "obsidian/snippets/detailsDropdown.css",
    "obsidian/snippets/【Main】MCL Multi Column.css",
    "obsidian/snippets"
  ]
}